{
  "0": {
    "Category": "Food & Drink",
    "Phrases": [
      {
        "Puzzle": "Hamburger and Fries"
      },
      {
        "Puzzle": "Apples With Cinnamon"
      },
      {
        "Puzzle": "Bacon and Eggs"
      },
      {
        "Puzzle": "Boston Cream Pie"
      },
      {
        "Puzzle": "Burrito Topped With Sour Cream"
      },
      {
        "Puzzle": "Cantaloupe"
      },
      {
        "Puzzle": "Carrot Juice"
      },
      {
        "Puzzle": "Clam Chowder"
      },
      {
        "Puzzle": "Cream of Wheat"
      },
      {
        "Puzzle": "Deviled Eggs"
      },
      {
        "Puzzle": "Egg-and-Cheese Sandwich"
      },
      {
        "Puzzle": "Fresh Beef Tongue"
      },
      {
        "Puzzle": "Fried Eggs With a Side of Sausage"
      },
      {
        "Puzzle": "Garlic Mushroom Chicken Alfredo"
      },
      {
        "Puzzle": "Green Seedless Grapes"
      },
      {
        "Puzzle": "Grilled Salmon With Steamed Vegetables"
      },
      {
        "Puzzle": "Hot Fudge Sundae"
      },
      {
        "Puzzle": "Iced Coffee"
      },
      {
        "Puzzle": "Juicy Papayas"
      },
      {
        "Puzzle": "Jar of Pickles"
      },
      {
        "Puzzle": "Linguine With Steamed Clams"
      },
      {
        "Puzzle": "Mild Salsa"
      },
      {
        "Puzzle": "Moo Shu Shrimp"
      },
      {
        "Puzzle": "Oven-Dried Tomatoes"
      },
      {
        "Puzzle": "Peaches and Plums"
      },
      {
        "Puzzle": "Peanut Butter and Jelly Sandwich"
      },
      {
        "Puzzle": "Pot Roast"
      },
      {
        "Puzzle": "Salted French Fries With Ketchup"
      },
      {
        "Puzzle": "Scrambled Eggs With Bacon and Sausage"
      },
      {
        "Puzzle": "Shrimp Gumbo"
      },
      {
        "Puzzle": "Sourdough English Muffins"
      },
      {
        "Puzzle": "Steaming Hot Tea With Cinnamon Sticks"
      },
      {
        "Puzzle": "Turkey Avocado And Bacon Club Sandwich"
      },
      {
        "Puzzle": "Water Chestnuts"
      },
      {
        "Puzzle": "Whole Wheat Pizza Crust"
      },
      {
        "Puzzle": "Zucchini Fettuccine"
      }
    ]
  },
  "1": {
    "Category": "Around the House",
    "Phrases": [
      {
        "Puzzle": "Angora Sweater"
      },
      {
        "Puzzle": "Blue Jeans"
      },
      {
        "Puzzle": "Bronze Table Lamps"
      },
      {
        "Puzzle": "Citrus-Scented Moisturizer"
      },
      {
        "Puzzle": "Comfy Loafers"
      },
      {
        "Puzzle": "Cordless Phone"
      },
      {
        "Puzzle": "Dimmer Switch"
      },
      {
        "Puzzle": "Down Comforter"
      },
      {
        "Puzzle": "Electric Staple and Nail Gun"
      },
      {
        "Puzzle": "Embroidered Pillows"
      },
      {
        "Puzzle": "Fabric Softener"
      },
      {
        "Puzzle": "Fine China"
      },
      {
        "Puzzle": "Gardening Gloves"
      },
      {
        "Puzzle": "Hedge Trimmer With Sweeper Tool Attachment"
      },
      {
        "Puzzle": "Home Theater System"
      },
      {
        "Puzzle": "Incense Burner"
      },
      {
        "Puzzle": "Kitchen Cabinets"
      },
      {
        "Puzzle": "Lawn Sprinkler"
      },
      {
        "Puzzle": "Outdoor Rugs"
      },
      {
        "Puzzle": "Portable Wireless Outdoor Speaker"
      },
      {
        "Puzzle": "Soap Dish"
      },
      {
        "Puzzle": "Stylish Patio Lights"
      },
      {
        "Puzzle": "Well-Stocked Pantry"
      },
      {
        "Puzzle": "Wooden Bookshelves"
      }
    ]
  },
  "2": {
    "Category": "Before & After",
    "Phrases": [
      {
        "Puzzle": "Adam's Apple Turnover"
      },
      {
        "Puzzle": "All In a Day's Work Ethic"
      },
      {
        "Puzzle": "Beer Tap Dancing"
      },
      {
        "Puzzle": "Blue Jay Leno"
      },
      {
        "Puzzle": "Bumpy Road Construction"
      },
      {
        "Puzzle": "Cat Food For Thought"
      },
      {
        "Puzzle": "Class Act Accordingly"
      },
      {
        "Puzzle": "Completely Miss the Mark Ruffalo"
      },
      {
        "Puzzle": "Dancing Queen Latifah"
      },
      {
        "Puzzle": "Enchanted Forest Ranger"
      },
      {
        "Puzzle": "Fill In the Blank Check"
      },
      {
        "Puzzle": "Honest Opinion Poll"
      },
      {
        "Puzzle": "I've Got a Secret Passage"
      },
      {
        "Puzzle": "Kitchen Sponge Cake"
      },
      {
        "Puzzle": "Lucky Charm Bracelet"
      },
      {
        "Puzzle": "Monkey Business Card"
      },
      {
        "Puzzle": "Nicolas Cage Fighter"
      },
      {
        "Puzzle": "On The Right Track and Field"
      },
      {
        "Puzzle": "Peer Pressure Cooker"
      },
      {
        "Puzzle": "Soda Pop Goes the Weasel"
      },
      {
        "Puzzle": "Some Like it Hot Cinnamon Buns"
      },
      {
        "Puzzle": "Sugar and Spice Rack"
      },
      {
        "Puzzle": "Tomorrow is Another Day of Reckoning"
      },
      {
        "Puzzle": "Tootsie Roll Over and Play Dead"
      },
      {
        "Puzzle": "Vicious Circle of Life"
      },
      {
        "Puzzle": "Wheel of Fortune Cookies"
      },
      {
        "Puzzle": "Wishing Well Done"
      },
      {
        "Puzzle": "You Are What You Eat Your Heart Out"
      }
    ]
  },
  "3": {
    "Category": "Classic Movies",
    "Phrases": [
      {
        "Puzzle": "Close Encounters of The Third Kind"
      },
      {
        "Puzzle": "Ghostbusters"
      },
      {
        "Puzzle": "Gone With The Wind"
      },
      {
        "Puzzle": "Some Like It Hot"
      },
      {
        "Puzzle": "Pulp Fiction"
      },
      {
        "Puzzle": "Casablanca"
      },
      {
        "Puzzle": "Breakfast At Tiffany's"
      },
      {
        "Puzzle": "Lawrence of Arabia"
      },
      {
        "Puzzle": "West Side Story"
      },
      {
        "Puzzle": "Citizen Kane"
      },
      {
        "Puzzle": "Pyscho"
      },
      {
        "Puzzle": "The Women"
      },
      {
        "Puzzle": "Laura"
      },
      {
        "Puzzle": "The Best Years of Our Lives"
      },
      {
        "Puzzle": "Rebel Without a Cause"
      },
      {
        "Puzzle": "The Godfather"
      },
      {
        "Puzzle": "It Happened One Night"
      },
      {
        "Puzzle": "North by Northwest"
      },
      {
        "Puzzle": "Stagecoach"
      },
      {
        "Puzzle": "Singin' In the Rain"
      },
      {
        "Puzzle": "Roman Holiday"
      },
      {
        "Puzzle": "On the Waterfront"
      },
      {
        "Puzzle": "Rebecca"
      },
      {
        "Puzzle": "The Night of the Hunter"
      },
      {
        "Puzzle": "12 Angry Men"
      },
      {
        "Puzzle": "Vertigo"
      },
      {
        "Puzzle": "The Sound of Music"
      },
      {
        "Puzzle": "The Philadelphia Story"
      },
      {
        "Puzzle": "How to Steal a Million"
      }
    ]
  },
  "4": {
    "Category": "Event",
    "Phrases": [
      {
        "Puzzle": "A Romantic Dinner For Two"
      },
      {
        "Puzzle": "Armed Forces Day"
      },
      {
        "Puzzle": "Bachelorette Party"
      },
      {
        "Puzzle": "Back-to-School Shopping"
      },
      {
        "Puzzle": "Blind Date"
      },
      {
        "Puzzle": "Blinding Snowstorm"
      },
      {
        "Puzzle": "Buying a New Car"
      },
      {
        "Puzzle": "Championship Game"
      },
      {
        "Puzzle": "Clambake"
      },
      {
        "Puzzle": "College Alumni Dinner"
      },
      {
        "Puzzle": "Concert Tour"
      },
      {
        "Puzzle": "Dangerous Stunt"
      },
      {
        "Puzzle": "Deep-Sea Fishing Expedition"
      },
      {
        "Puzzle": "Dream Vacation"
      },
      {
        "Puzzle": "Earth Day"
      },
      {
        "Puzzle": "Entering a Dance Contest"
      },
      {
        "Puzzle": "Evening Mass"
      },
      {
        "Puzzle": "Field Trip to a History Museum"
      },
      {
        "Puzzle": "Food Fight"
      },
      {
        "Puzzle": "Getting Your Passport Stamped"
      },
      {
        "Puzzle": "Getting Married to My Fiance"
      },
      {
        "Puzzle": "Halloween Costume Party"
      },
      {
        "Puzzle": "Hockey Practice"
      },
      {
        "Puzzle": "Jury Duty"
      },
      {
        "Puzzle": "Lavish Party"
      },
      {
        "Puzzle": "Locker-Room Interview"
      },
      {
        "Puzzle": "Mass Mailing"
      },
      {
        "Puzzle": "Meteor Shower"
      },
      {
        "Puzzle": "Nice Quiet Lunch"
      },
      {
        "Puzzle": "Riverboat Cruise"
      },
      {
        "Puzzle": "Sailing Around the World"
      },
      {
        "Puzzle": "Shriner's Convention"
      },
      {
        "Puzzle": "Space Shuttle Launch"
      },
      {
        "Puzzle": "Staying At a Mountain Retreat"
      },
      {
        "Puzzle": "Street Fair"
      },
      {
        "Puzzle": "Summer Break"
      },
      {
        "Puzzle": "Sunday School Picnic"
      },
      {
        "Puzzle": "Tie Game"
      },
      {
        "Puzzle": "Trout Fishing Derby"
      },
      {
        "Puzzle": "Unique Culinary Experience"
      },
      {
        "Puzzle": "Waterfront Dining"
      },
      {
        "Puzzle": "Weekend Getaway"
      },
      {
        "Puzzle": "Winning Concert Tickets On the Radio"
      },
      {
        "Puzzle": "Worst-Case Scenario"
      },
      {
        "Puzzle": "Yearly Medical Checkup"
      }
    ]
  },
  "5": {
    "Category": "Characters",
    "Phrases": [
      {
        "Puzzle": "Barney Rubble"
      },
      {
        "Puzzle": "Batman"
      },
      {
        "Puzzle": "Buzz Lightyear"
      },
      {
        "Puzzle": "Cinderella"
      },
      {
        "Puzzle": "Daffy Duck"
      },
      {
        "Puzzle": "Father Time"
      },
      {
        "Puzzle": "Goldilocks"
      },
      {
        "Puzzle": "Green Lantern's Alter Ego Hal Jordan"
      },
      {
        "Puzzle": "Make-Believe Friend"
      },
      {
        "Puzzle": "Raggedy Ann"
      },
      {
        "Puzzle": "Roman Goddess"
      },
      {
        "Puzzle": "Swamp Monster"
      },
      {
        "Puzzle": "Twilight's Bella Swan"
      },
      {
        "Puzzle": "Hansel and Gretel"
      },
      {
        "Puzzle": "King Arthur and His Knights"
      },
      {
        "Puzzle": "Minnie Mouse and Mickey Mouse"
      },
      {
        "Puzzle": "Peter Parker and Mary Jane Watson"
      },
      {
        "Puzzle": "The Three Musketeers"
      }
    ]
  },
  "6": {
    "Category": "Fun & Games",
    "Phrases": [
      {
        "Puzzle": "Amusing Joke"
      },
      {
        "Puzzle": "Arm Wrestling"
      },
      {
        "Puzzle": "Building a Dollhouse"
      },
      {
        "Puzzle": "Carnival Rides"
      },
      {
        "Puzzle": "Collecting Baseball Cards"
      },
      {
        "Puzzle": "Dodge Ball"
      },
      {
        "Puzzle": "Doodling"
      },
      {
        "Puzzle": "Extra Innings"
      },
      {
        "Puzzle": "Fun Summer Activities"
      },
      {
        "Puzzle": "Going Skiing"
      },
      {
        "Puzzle": "Halloween Block Party"
      },
      {
        "Puzzle": "Knock Knock Who's There"
      },
      {
        "Puzzle": "League Night at the Bowling Alley"
      },
      {
        "Puzzle": "Learning to Water Ski"
      },
      {
        "Puzzle": "Paintball Fight"
      },
      {
        "Puzzle": "Pickup Basketball Game"
      },
      {
        "Puzzle": "Pin the Tail on the Donkey"
      },
      {
        "Puzzle": "Playing in the Sandbox"
      },
      {
        "Puzzle": "Playing Musical Chairs"
      },
      {
        "Puzzle": "Riding My Skateboard"
      },
      {
        "Puzzle": "Running For the Goal Line"
      },
      {
        "Puzzle": "Skating on a Frozen Lake"
      },
      {
        "Puzzle": "Toy Action Figures"
      },
      {
        "Puzzle": "Volleyball Match"
      },
      {
        "Puzzle": "Wheelbarrow Races"
      },
      {
        "Puzzle": "Women's Lacrosse"
      },
      {
        "Puzzle": "Yo-Yo Tricks"
      }
    ]
  },
  "7": {
    "Category": "In The Kitchen",
    "Phrases": [
      {
        "Puzzle": "Butcher Knife"
      },
      {
        "Puzzle": "Cappuccino Machine"
      },
      {
        "Puzzle": "Cheese Grater"
      },
      {
        "Puzzle": "China Teacup"
      },
      {
        "Puzzle": "Chipped Dinner Plate"
      },
      {
        "Puzzle": "Collapsible Grater"
      },
      {
        "Puzzle": "Cooking Gadgets"
      },
      {
        "Puzzle": "French Canning Jars"
      },
      {
        "Puzzle": "Heart-Shaped Dessert Platter"
      },
      {
        "Puzzle": "Metal Spatula"
      },
      {
        "Puzzle": "Nonstick Frying Pan"
      },
      {
        "Puzzle": "Paper Napkin"
      },
      {
        "Puzzle": "Pineapple Slicer"
      },
      {
        "Puzzle": "Plastic Spatula"
      },
      {
        "Puzzle": "Plastic Spoon"
      },
      {
        "Puzzle": "Rare China"
      },
      {
        "Puzzle": "Rusted Pot"
      },
      {
        "Puzzle": "Salad Tongs"
      },
      {
        "Puzzle": "Scented Dishwashing Liquid"
      },
      {
        "Puzzle": "Self-Cleaning Oven"
      },
      {
        "Puzzle": "Serving Dish"
      },
      {
        "Puzzle": "Silver Serving Bowl"
      }
    ]
  },
  "8": {
    "Category": "Landmark",
    "Phrases": [
      {
        "Puzzle": "Canyonlands National Park"
      },
      {
        "Puzzle": "Glacier Bay National Park"
      },
      {
        "Puzzle": "Historic Route Sixty-Six"
      },
      {
        "Puzzle": "The Blarney Stone"
      },
      {
        "Puzzle": "The Sistine Chapel"
      },
      {
        "Puzzle": "Yosemite National Park"
      },
      {
        "Puzzle": "Great Wall of China"
      },
      {
        "Puzzle": "Taj Mahal"
      },
      {
        "Puzzle": "Colosseum"
      },
      {
        "Puzzle": "Statue of Liberty"
      },
      {
        "Puzzle": "Eiffel Tower"
      },
      {
        "Puzzle": "Stonehenge"
      },
      {
        "Puzzle": "Machu Picchu"
      },
      {
        "Puzzle": "Sydney Opera House"
      },
      {
        "Puzzle": "Golden Gate Bridge"
      },
      {
        "Puzzle": "Angkor Wat"
      },
      {
        "Puzzle": "Leaning Tower of Pisa"
      },
      {
        "Puzzle": "Acropolis of Athens"
      },
      {
        "Puzzle": "The Great Pyramids of Giza"
      },
      {
        "Puzzle": "Christ the Redeemer"
      },
      {
        "Puzzle": "Big Ben"
      },
      {
        "Puzzle": "Saint Basil's Cathedral"
      },
      {
        "Puzzle": "Parthenon"
      },
      {
        "Puzzle": "Empire State Building"
      },
      {
        "Puzzle": "Buckingham Palace"
      }
    ]
  },
  "9": {
    "Category": "Living Things",
    "Phrases": [
      {
        "Puzzle": "Beagle Dog"
      },
      {
        "Puzzle": "Cheetah Cub"
      },
      {
        "Puzzle": "Desert Tortoise"
      },
      {
        "Puzzle": "Full Shade Tree"
      },
      {
        "Puzzle": "Guinea Pig"
      },
      {
        "Puzzle": "Jackrabbit"
      },
      {
        "Puzzle": "Jellyfish"
      },
      {
        "Puzzle": "King Crab"
      },
      {
        "Puzzle": "Ostrich"
      },
      {
        "Puzzle": "Rottweiler"
      },
      {
        "Puzzle": "Sheepdog"
      },
      {
        "Puzzle": "Walrus"
      },
      {
        "Puzzle": "Wild Boar"
      },
      {
        "Puzzle": "Baby Ducks"
      },
      {
        "Puzzle": "Beautiful Doves"
      },
      {
        "Puzzle": "Cherry Blossom Trees"
      },
      {
        "Puzzle": "Fireflies"
      },
      {
        "Puzzle": "Furry Llamas"
      },
      {
        "Puzzle": "Great Dane"
      },
      {
        "Puzzle": "Low-Flying Birds"
      },
      {
        "Puzzle": "Miniature Horses"
      },
      {
        "Puzzle": "Orange Pixies"
      },
      {
        "Puzzle": "Pesky Termites"
      },
      {
        "Puzzle": "Potted Calla Lilies"
      },
      {
        "Puzzle": "Roses in Full Bloom"
      },
      {
        "Puzzle": "Shetland Ponies"
      },
      {
        "Puzzle": "Swarm of Bees"
      },
      {
        "Puzzle": "Wildlife"
      }
    ]
  },
  "10": {
    "Category": "Movie Title",
    "Phrases": [
      {
        "Puzzle": "African Cats"
      },
      {
        "Puzzle": "Captain America the First Avenger"
      },
      {
        "Puzzle": "Despicable Me"
      },
      {
        "Puzzle": "Fast Five"
      },
      {
        "Puzzle": "Just Go With It"
      },
      {
        "Puzzle": "Larry Crowne"
      },
      {
        "Puzzle": "Meek's Cutoff"
      },
      {
        "Puzzle": "Midnight In Paris"
      },
      {
        "Puzzle": "Mr Popper's Penguins"
      },
      {
        "Puzzle": "The King's Speech"
      },
      {
        "Puzzle": "The Sorcerer's Apprentice"
      },
      {
        "Puzzle": "Wall Street Money Never Sleeps"
      },
      {
        "Puzzle": "Water For Elephants"
      }
    ]
  },
  "11": {
    "Category": "Occupation",
    "Phrases": [
      {
        "Puzzle": "Biologist"
      },
      {
        "Puzzle": "Case Manager"
      },
      {
        "Puzzle": "Chemist"
      },
      {
        "Puzzle": "Contruction Foreman"
      },
      {
        "Puzzle": "Copywriter"
      },
      {
        "Puzzle": "Elementary School Principal"
      },
      {
        "Puzzle": "Experienced Travel Agent"
      },
      {
        "Puzzle": "Flight Attendant"
      },
      {
        "Puzzle": "General Manager"
      },
      {
        "Puzzle": "Holistic Veterinarian"
      },
      {
        "Puzzle": "Intelligence Specialist"
      },
      {
        "Puzzle": "Karate Instructor"
      },
      {
        "Puzzle": "Magistrate Judge"
      },
      {
        "Puzzle": "Massage Therapist"
      },
      {
        "Puzzle": "Nightclub Singer"
      },
      {
        "Puzzle": "Orthopedic Surgeon"
      },
      {
        "Puzzle": "Physical Therapist"
      },
      {
        "Puzzle": "Police Officer"
      },
      {
        "Puzzle": "Postmaster General"
      },
      {
        "Puzzle": "Print Model"
      },
      {
        "Puzzle": "Professional Swimmer"
      },
      {
        "Puzzle": "Research Librarian"
      },
      {
        "Puzzle": "Sheepshearer"
      },
      {
        "Puzzle": "Sportscaster"
      },
      {
        "Puzzle": "University Professor"
      },
      {
        "Puzzle": "Wedding Coordinator"
      }
    ]
  },
  "12": {
    "Category": "On the Map",
    "Phrases": [
      {
        "Puzzle": "Athens Greece"
      },
      {
        "Puzzle": "Atlantic Coast"
      },
      {
        "Puzzle": "Barcelona Spain"
      },
      {
        "Puzzle": "Beijing China"
      },
      {
        "Puzzle": "Bora Bora"
      },
      {
        "Puzzle": "Cambodia"
      },
      {
        "Puzzle": "Cambridge England"
      },
      {
        "Puzzle": "Concord New Hampshire"
      },
      {
        "Puzzle": "Costa Rica"
      },
      {
        "Puzzle": "Des Moines Iowa"
      },
      {
        "Puzzle": "Florida Swampland"
      },
      {
        "Puzzle": "Frankfurt Germany"
      },
      {
        "Puzzle": "Glasgow Scotland"
      },
      {
        "Puzzle": "Heidelberg Germany"
      },
      {
        "Puzzle": "Hollywood California"
      },
      {
        "Puzzle": "Honolulu Hawaii"
      },
      {
        "Puzzle": "Jefferson City Missouri"
      },
      {
        "Puzzle": "Jupiter Florida"
      },
      {
        "Puzzle": "Kenya Africa"
      },
      {
        "Puzzle": "Key Largo"
      },
      {
        "Puzzle": "Long Island Sound"
      },
      {
        "Puzzle": "Mobile Alabama"
      },
      {
        "Puzzle": "New Zealand"
      },
      {
        "Puzzle": "North Pole"
      },
      {
        "Puzzle": "Pacific Northwest"
      },
      {
        "Puzzle": "Olympia Washington"
      },
      {
        "Puzzle": "Shreveport Louisiana"
      },
      {
        "Puzzle": "South Africa"
      },
      {
        "Puzzle": "Saint Paul Minnesota"
      },
      {
        "Puzzle": "The Florida Panhandle"
      },
      {
        "Puzzle": "The South China Sea"
      },
      {
        "Puzzle": "The Yukon Territory In Canada"
      },
      {
        "Puzzle": "United States Virgin Islands"
      },
      {
        "Puzzle": "Wheeling West Virginia"
      }
    ]
  },
  "13": {
    "Category": "Person",
    "Phrases": [
      {
        "Puzzle": "A Man of Great Character"
      },
      {
        "Puzzle": "Artist In Residence"
      },
      {
        "Puzzle": "Aspiring Novelist"
      },
      {
        "Puzzle": "Back-seat Driver"
      },
      {
        "Puzzle": "Baseball Player"
      },
      {
        "Puzzle": "Blogger"
      },
      {
        "Puzzle": "Bluegrass Singer"
      },
      {
        "Puzzle": "Boy Next Door"
      },
      {
        "Puzzle": "Captivating Speaker"
      },
      {
        "Puzzle": "Class Clown"
      },
      {
        "Puzzle": "Dead Ringer"
      },
      {
        "Puzzle": "Devoted Husband and Father"
      },
      {
        "Puzzle": "Dog Walker"
      },
      {
        "Puzzle": "English Gentleman"
      },
      {
        "Puzzle": "Faithful Employee"
      },
      {
        "Puzzle": "Famous Science-Fiction Writer"
      },
      {
        "Puzzle": "Financial Backer"
      },
      {
        "Puzzle": "Genius"
      },
      {
        "Puzzle": "Handsome Devil"
      },
      {
        "Puzzle": "Hometown Hero"
      },
      {
        "Puzzle": "Innkeeper"
      },
      {
        "Puzzle": "Licensed Driver"
      },
      {
        "Puzzle": "Missionary"
      },
      {
        "Puzzle": "Mysterious Man"
      },
      {
        "Puzzle": "Pack Rat"
      },
      {
        "Puzzle": "Professional Boxer"
      },
      {
        "Puzzle": "Reigning Champion"
      },
      {
        "Puzzle": "Reliable Babysitter"
      },
      {
        "Puzzle": "Scottish Bagpiper"
      },
      {
        "Puzzle": "Silly Buffoon"
      },
      {
        "Puzzle": "Songwriter"
      },
      {
        "Puzzle": "Snoopy Reporter"
      },
      {
        "Puzzle": "Strawberry Blonde"
      },
      {
        "Puzzle": "Tailgater"
      },
      {
        "Puzzle": "Tightrope Walker"
      },
      {
        "Puzzle": "Top Brain Surgeon"
      },
      {
        "Puzzle": "Trained Welder"
      },
      {
        "Puzzle": "Well-Dressed Woman"
      },
      {
        "Puzzle": "Your Secret Pal"
      }
    ]
  },
  "14": {
    "Category": "People",
    "Phrases": [
      {
        "Puzzle": "American Tourists"
      },
      {
        "Puzzle": "Baby Boys"
      },
      {
        "Puzzle": "Cast of Characters"
      },
      {
        "Puzzle": "Civil Aeronautics Board"
      },
      {
        "Puzzle": "Community Business Leaders"
      },
      {
        "Puzzle": "Duke and Duchess"
      },
      {
        "Puzzle": "Editorial Staff"
      },
      {
        "Puzzle": "Famous People Who Share My Birthday"
      },
      {
        "Puzzle": "Flower Girl and Ring Bearer"
      },
      {
        "Puzzle": "Fraternal Twins"
      },
      {
        "Puzzle": "Good Cooks"
      },
      {
        "Puzzle": "Heroic Firemen"
      },
      {
        "Puzzle": "Horn Section"
      },
      {
        "Puzzle": "Human Pyramid"
      },
      {
        "Puzzle": "Justice Department Attorneys"
      },
      {
        "Puzzle": "Kings and Queens"
      },
      {
        "Puzzle": "Loud and Obnoxious Neighbors"
      },
      {
        "Puzzle": "Magazine Readers"
      },
      {
        "Puzzle": "Navy Seals"
      },
      {
        "Puzzle": "New Homeowners"
      },
      {
        "Puzzle": "One Big Happy Family"
      },
      {
        "Puzzle": "Philharmonic Orchestra"
      },
      {
        "Puzzle": "Pillars of Society"
      },
      {
        "Puzzle": "Poker Buddies"
      },
      {
        "Puzzle": "Self-Made Man"
      },
      {
        "Puzzle": "String Quartet"
      },
      {
        "Puzzle": "Taxpayers"
      },
      {
        "Puzzle": "The In-Crowd"
      },
      {
        "Puzzle": "Thrill Seekers"
      },
      {
        "Puzzle": "Undercover Agents"
      }
    ]
  },
  "15": {
    "Category": "Phrase",
    "Phrases": [
      {
        "Puzzle": "A Clean Sweep"
      },
      {
        "Puzzle": "A Smashing Evening"
      },
      {
        "Puzzle": "All Fired Up!"
      },
      {
        "Puzzle": "Anything and Everything"
      },
      {
        "Puzzle": "Are We There Yet?"
      },
      {
        "Puzzle": "Batteries Not Included"
      },
      {
        "Puzzle": "Bells and Whistles"
      },
      {
        "Puzzle": "Breath of Fresh Air"
      },
      {
        "Puzzle": "Bury the Hatchet"
      },
      {
        "Puzzle": "Camera Shy"
      },
      {
        "Puzzle": "Caught in the Act"
      },
      {
        "Puzzle": "Common Thread"
      },
      {
        "Puzzle": "Consider All the Variables"
      },
      {
        "Puzzle": "Crying Wolf"
      },
      {
        "Puzzle": "Cute as a Button"
      },
      {
        "Puzzle": "Do as I Say Not as I Do"
      },
      {
        "Puzzle": "Double Whammy"
      },
      {
        "Puzzle": "Easy to Assemble"
      },
      {
        "Puzzle": "Eat Your Vegetables"
      },
      {
        "Puzzle": "Exudes Confidence"
      },
      {
        "Puzzle": "Feast Fit for a King"
      },
      {
        "Puzzle": "Fifteen Minutes of Fame"
      },
      {
        "Puzzle": "Figuratively Speaking"
      },
      {
        "Puzzle": "Follow Me on Twitter"
      },
      {
        "Puzzle": "Get All Your Ducks in a Row"
      },
      {
        "Puzzle": "Getting Your Feet Wet"
      },
      {
        "Puzzle": "Good Point"
      },
      {
        "Puzzle": "Great Minds Think Alike"
      },
      {
        "Puzzle": "Hard as a Rock"
      },
      {
        "Puzzle": "Horseplay"
      },
      {
        "Puzzle": "How Dare You!"
      },
      {
        "Puzzle": "I Don't Find That the Least Bit Funny"
      },
      {
        "Puzzle": "In Good Health"
      },
      {
        "Puzzle": "In My Humble Opinion"
      },
      {
        "Puzzle": "It's a Breeze"
      },
      {
        "Puzzle": "Jump the Gun"
      },
      {
        "Puzzle": "Keep it Hush-Hush"
      },
      {
        "Puzzle": "Keep Me Updated"
      },
      {
        "Puzzle": "Less Said the Better"
      },
      {
        "Puzzle": "Love is in the Air"
      },
      {
        "Puzzle": "My Patience is Growing Thin"
      },
      {
        "Puzzle": "Off the Beaten Path"
      },
      {
        "Puzzle": "Off Your Rocker"
      },
      {
        "Puzzle": "On the Right Path"
      },
      {
        "Puzzle": "On Cloud Nine"
      },
      {
        "Puzzle": "Over My Dead Body"
      },
      {
        "Puzzle": "Picking Up Speed"
      },
      {
        "Puzzle": "Poking Fun"
      },
      {
        "Puzzle": "Pumping Iron"
      },
      {
        "Puzzle": "Put Up Your Dukes"
      },
      {
        "Puzzle": "Quench Your Thirst"
      },
      {
        "Puzzle": "Race to the Finish"
      },
      {
        "Puzzle": "Right Before My Very Eyes"
      },
      {
        "Puzzle": "Show Me How"
      },
      {
        "Puzzle": "Sitting On Top of the World"
      },
      {
        "Puzzle": "Soft To the Touch"
      },
      {
        "Puzzle": "Taking Drastic Measures"
      },
      {
        "Puzzle": "The Finer Things In Life"
      },
      {
        "Puzzle": "The Joke's on Me"
      },
      {
        "Puzzle": "The Whole Nine Yards"
      },
      {
        "Puzzle": "Thundering Silence"
      },
      {
        "Puzzle": "Tongue-Tied"
      },
      {
        "Puzzle": "Two of a Kind"
      },
      {
        "Puzzle": "Up the Ante"
      },
      {
        "Puzzle": "What is the Meaning of This?"
      },
      {
        "Puzzle": "What's for Dinner?"
      },
      {
        "Puzzle": "Will You Marry Me?"
      },
      {
        "Puzzle": "Work Out the Kinks"
      },
      {
        "Puzzle": "You Can't Win Them All"
      },
      {
        "Puzzle": "You Look Like a Million Dollars"
      },
      {
        "Puzzle": "You Need to Get Over Yourself"
      },
      {
        "Puzzle": "You Took the Words Right Out of My Mouth"
      },
      {
        "Puzzle": "Your Wish is My Command"
      }
    ]
  },
  "16": {
    "Category": "Proper Names",
    "Phrases": [
      {
        "Puzzle": "Bradley Cooper"
      },
      {
        "Puzzle": "Emma Watson"
      },
      {
        "Puzzle": "Cee Lo Green"
      },
      {
        "Puzzle": "Dalai Lama"
      },
      {
        "Puzzle": "Gerard Butler"
      },
      {
        "Puzzle": "Halle Berry"
      },
      {
        "Puzzle": "Jerry Seinfeld"
      },
      {
        "Puzzle": "Jessica Simpson"
      },
      {
        "Puzzle": "Kate Walsh"
      },
      {
        "Puzzle": "Kid Rock"
      },
      {
        "Puzzle": "Legendary Musician Elton John"
      },
      {
        "Puzzle": "Leonardo Da Vinci"
      },
      {
        "Puzzle": "Matthew Mcconaughey"
      },
      {
        "Puzzle": "Montreal Expos"
      },
      {
        "Puzzle": "Penelope Cruz"
      },
      {
        "Puzzle": "Pittsburgh Pirates"
      },
      {
        "Puzzle": "Robert De Niro"
      },
      {
        "Puzzle": "Russell Crowe"
      },
      {
        "Puzzle": "Selma Blair"
      },
      {
        "Puzzle": "Singer Barry Manilow"
      },
      {
        "Puzzle": "Singer Celine Dion"
      },
      {
        "Puzzle": "Teen Heartthrob Justin Beiber"
      },
      {
        "Puzzle": "Tide Laundry Detergent"
      },
      {
        "Puzzle": "Washington Irving"
      },
      {
        "Puzzle": "Zach Galifianakis"
      }
    ]
  },
  "17": {
    "Category": "Quotation",
    "Phrases": [
      {
        "Puzzle": "All For One and One For All"
      },
      {
        "Puzzle": "And They Lived Happily Ever After"
      },
      {
        "Puzzle": "Birds Of a Feather Flock Together"
      },
      {
        "Puzzle": "By the Power Vested In Me"
      },
      {
        "Puzzle": "He Loves Me He Loves Me Not"
      },
      {
        "Puzzle": "Here's Looking At You Kid"
      },
      {
        "Puzzle": "Humpty-Dumpty Sat on a Wall"
      },
      {
        "Puzzle": "Thirty Days Hath"
      },
      {
        "Puzzle": "You Can't Judge a Book by its Cover"
      }
    ]
  },
  "18": {
    "Category": "Rhyme Time",
    "Phrases": [
      {
        "Puzzle": "April Showers Bring May Flowers"
      },
      {
        "Puzzle": "Book Nook"
      },
      {
        "Puzzle": "Bright Light"
      },
      {
        "Puzzle": "Delicious and Nutritious"
      },
      {
        "Puzzle": "Hotshot"
      },
      {
        "Puzzle": "Hurly-Burly"
      },
      {
        "Puzzle": "It's My Way or the Highway"
      },
      {
        "Puzzle": "Meal Deal"
      },
      {
        "Puzzle": "Meter Reader"
      },
      {
        "Puzzle": "Moaning and Groaning"
      },
      {
        "Puzzle": "No Muss No Fuss"
      },
      {
        "Puzzle": "One-Stop Shop"
      },
      {
        "Puzzle": "Oodles of Noodles"
      },
      {
        "Puzzle": "Parenting Tips for Long Road Trips"
      },
      {
        "Puzzle": "Seal the Deal"
      },
      {
        "Puzzle": "Study Buddy"
      },
      {
        "Puzzle": "Wear and Tear"
      },
      {
        "Puzzle": "Willy-Nilly"
      }
    ]
  },
  "19": {
    "Category": "Song Lyrics",
    "Phrases": [
      {
        "Puzzle": "Celebrate Good Times Come On"
      },
      {
        "Puzzle": "Dashing Through the Snow"
      },
      {
        "Puzzle": "Don't You Step On My Blue Suede Shoes"
      },
      {
        "Puzzle": "Everything I Do I Do it for You"
      },
      {
        "Puzzle": "Fly Me to the Moon"
      },
      {
        "Puzzle": "Gray Skies Are Gonna Clear Up"
      },
      {
        "Puzzle": "Home on the Range"
      },
      {
        "Puzzle": "I Did it My Way"
      },
      {
        "Puzzle": "It's Been a Hard Day's Night"
      },
      {
        "Puzzle": "Money Can't Buy Me Love"
      },
      {
        "Puzzle": "O Tidings Of Comfort and Joy"
      },
      {
        "Puzzle": "Oh Give Me A Home Where the Buffalo Roam"
      },
      {
        "Puzzle": "You Can Go Your Own Way"
      },
      {
        "Puzzle": "Don't Stop Believing"
      }
    ]
  },
  "20": {
    "Category": "Song Title",
    "Phrases": [
      {
        "Puzzle": "All My Loving"
      },
      {
        "Puzzle": "Funkytown"
      },
      {
        "Puzzle": "Jumpin' Jack Flash"
      },
      {
        "Puzzle": "Like A Rolling Stone"
      },
      {
        "Puzzle": "Walking on Sunshine"
      },
      {
        "Puzzle": "Winter Wonderland"
      },
      {
        "Puzzle": "Smells Like Teen Spirit"
      },
      {
        "Puzzle": "Imagine"
      },
      {
        "Puzzle": "Bohemian Rhapsody"
      },
      {
        "Puzzle": "Sweet Child O Mine"
      },
      {
        "Puzzle": "Your Song"
      },
      {
        "Puzzle": "I Will Always Love You"
      },
      {
        "Puzzle": "Born To Run"
      },
      {
        "Puzzle": "Over the Rainbow"
      },
      {
        "Puzzle": "Creep"
      },
      {
        "Puzzle": "Dancing Queen"
      },
      {
        "Puzzle": "Purple Haze"
      },
      {
        "Puzzle": "Jonny B Good"
      },
      {
        "Puzzle": "No Woman No Cry"
      },
      {
        "Puzzle": "Stand By Me"
      },
      {
        "Puzzle": "When Doves Cry"
      },
      {
        "Puzzle": "A Change is Gonna Come"
      }
    ]
  },
  "21": {
    "Category": "Things",
    "Phrases": [
      {
        "Puzzle": "Active Volcanoes"
      },
      {
        "Puzzle": "Biceps and Triceps"
      },
      {
        "Puzzle": "Buzzwords"
      },
      {
        "Puzzle": "Car Cupholders"
      },
      {
        "Puzzle": "Castle Moat and Drawbridge"
      },
      {
        "Puzzle": "Champagne Bubbles"
      },
      {
        "Puzzle": "Clocks and Watches"
      },
      {
        "Puzzle": "Comib Books"
      },
      {
        "Puzzle": "Complex Carbs"
      },
      {
        "Puzzle": "Electric Cars"
      },
      {
        "Puzzle": "Fingers and Toes"
      },
      {
        "Puzzle": "Fuel Additives"
      },
      {
        "Puzzle": "Funny Quotations"
      },
      {
        "Puzzle": "Giant Sand Dunes"
      },
      {
        "Puzzle": "Granite and Marble Floors"
      },
      {
        "Puzzle": "Hamburger Wrappers"
      },
      {
        "Puzzle": "Hammer and Nails"
      },
      {
        "Puzzle": "Hidden Talents"
      },
      {
        "Puzzle": "Honest Answers"
      },
      {
        "Puzzle": "House Rules"
      },
      {
        "Puzzle": "Limericks"
      },
      {
        "Puzzle": "Lush Tropical Greenery"
      },
      {
        "Puzzle": "Morning Stretches"
      },
      {
        "Puzzle": "Motorcycles"
      },
      {
        "Puzzle": "Outdoor Activities"
      },
      {
        "Puzzle": "Party Favors"
      },
      {
        "Puzzle": "Plush Stuffed Animals"
      },
      {
        "Puzzle": "Punctuation Marks"
      },
      {
        "Puzzle": "Rose Petals"
      },
      {
        "Puzzle": "Rustling Autumn Leaves"
      },
      {
        "Puzzle": "Sample Questions"
      },
      {
        "Puzzle": "Shearling-Lined Boots"
      },
      {
        "Puzzle": "Shocks and Struts"
      },
      {
        "Puzzle": "Spanish-Language Subtitles"
      },
      {
        "Puzzle": "Subliminal Messages"
      },
      {
        "Puzzle": "Tired and Aching Feet"
      },
      {
        "Puzzle": "Traditional Christmas Gifts"
      },
      {
        "Puzzle": "Unlimited Privileges"
      },
      {
        "Puzzle": "Warm Caribbean Breezes"
      },
      {
        "Puzzle": "Waves Rolling Onto the Shore"
      }
    ]
  },
  "22": {
    "Category": "What Are You Doing",
    "Phrases": [
      {
        "Puzzle": "Asking You Out On a Date"
      },
      {
        "Puzzle": "Baking a Delicious Banana Cream Pie"
      },
      {
        "Puzzle": "Blowing Up An Inner Tube"
      },
      {
        "Puzzle": "Breathing Heavily"
      },
      {
        "Puzzle": "Building The Home Of My Dreams"
      },
      {
        "Puzzle": "Buying Lunch for My Friends"
      },
      {
        "Puzzle": "Catching Fireflies"
      },
      {
        "Puzzle": "Changing The Baby's Diaper"
      },
      {
        "Puzzle": "Collecting Baseball Cards"
      },
      {
        "Puzzle": "Combing My Hair"
      },
      {
        "Puzzle": "Cracking a Bullwhip"
      },
      {
        "Puzzle": "Cramming For Finals"
      },
      {
        "Puzzle": "Crushing Boxes"
      },
      {
        "Puzzle": "Crying While Chopping Onions"
      },
      {
        "Puzzle": "Dedicating a Statue"
      },
      {
        "Puzzle": "Discussing Current Events"
      },
      {
        "Puzzle": "Doing Odd Jobs Around the House"
      },
      {
        "Puzzle": "Donating Money"
      },
      {
        "Puzzle": "Downloading Popular Music"
      },
      {
        "Puzzle": "Driving On a Winding Road"
      },
      {
        "Puzzle": "Eating an Ice Cream Sundae"
      },
      {
        "Puzzle": "Eating Over the Sink"
      },
      {
        "Puzzle": "Enjoying a Walk in the Snow"
      },
      {
        "Puzzle": "Enjoying Scones and Coffee For Breakfast"
      },
      {
        "Puzzle": "Exchanging Pleasantries"
      },
      {
        "Puzzle": "Flying a Kite"
      },
      {
        "Puzzle": "Getting a Good Night's Sleep"
      },
      {
        "Puzzle": "Getting a Second Wind"
      },
      {
        "Puzzle": "Giving Blood"
      },
      {
        "Puzzle": "Glancing Over My Shoulder"
      },
      {
        "Puzzle": "Going for a Morning Run"
      },
      {
        "Puzzle": "Having a Coughing Fit"
      },
      {
        "Puzzle": "Jotting Down Notes"
      },
      {
        "Puzzle": "Jumping Hurdles"
      },
      {
        "Puzzle": "Knocking Loudly"
      },
      {
        "Puzzle": "Learning to Golf"
      },
      {
        "Puzzle": "Looking Chic"
      },
      {
        "Puzzle": "Looking Out the Window"
      },
      {
        "Puzzle": "Losing My Place in Line"
      },
      {
        "Puzzle": "Making Onion-Ring Batter"
      },
      {
        "Puzzle": "Making Tough Decisions"
      },
      {
        "Puzzle": "Negotiating a Fee"
      },
      {
        "Puzzle": "Night Swimming"
      },
      {
        "Puzzle": "Ordering Flowers For Mother's Day"
      },
      {
        "Puzzle": "Painting a Fence"
      },
      {
        "Puzzle": "Performing a Somersault"
      },
      {
        "Puzzle": "Pitching a Tent"
      },
      {
        "Puzzle": "Planning the Wedding of My Dreams"
      },
      {
        "Puzzle": "Playing a Party Game"
      },
      {
        "Puzzle": "Pulling Weeds From My Garden"
      },
      {
        "Puzzle": "Putting A Smile On Your Face"
      },
      {
        "Puzzle": "Putting On the Finishing Touches"
      },
      {
        "Puzzle": "Reaching My Destination"
      },
      {
        "Puzzle": "Reading My Favorite Blog"
      },
      {
        "Puzzle": "Refusing to Answer the Phone"
      },
      {
        "Puzzle": "Renewing My Passport"
      },
      {
        "Puzzle": "Retracing My Steps"
      },
      {
        "Puzzle": "Riding a Unicycle"
      },
      {
        "Puzzle": "Running Fast"
      },
      {
        "Puzzle": "Saving a Few Dollars"
      },
      {
        "Puzzle": "Sending Flowers To My Sweetheart"
      },
      {
        "Puzzle": "Sharpening Steak Knives"
      },
      {
        "Puzzle": "Showing My Vacation Photos"
      },
      {
        "Puzzle": "Singing My Favorite Tune"
      },
      {
        "Puzzle": "Sliding Down a Snowy Hill"
      },
      {
        "Puzzle": "Softly Whispering"
      },
      {
        "Puzzle": "Spending the Day at the Beach"
      },
      {
        "Puzzle": "Staying Out Past Curfew"
      },
      {
        "Puzzle": "Taking a Shortcut"
      },
      {
        "Puzzle": "Taking My Date to the Movies"
      },
      {
        "Puzzle": "Telling a Funny Riddle"
      },
      {
        "Puzzle": "Test-Driving a New Car"
      },
      {
        "Puzzle": "Throwing Confetti At a Party"
      },
      {
        "Puzzle": "Trying to Look Calm"
      },
      {
        "Puzzle": "Updating My Facebook Page"
      },
      {
        "Puzzle": "Waiting by the Phone"
      },
      {
        "Puzzle": "Walking on the Treadmill"
      },
      {
        "Puzzle": "Watching a Romantic Comedy"
      },
      {
        "Puzzle": "Wearing Green on Saint Patrick's Day"
      },
      {
        "Puzzle": "Whipping Up a Quick Dinner"
      },
      {
        "Puzzle": "Working My Way Through School"
      },
      {
        "Puzzle": "Writing a Long Letter"
      }
    ]
  }
}